ID,Project Description,Proposal Type,Proposal Number,Application Date,Grant Date,Last Visible Status,Project Land Requirement (Hectares),Total Cost (Lakhs),Organization Name,EC Consultant,Description,Category,Project Category (Code),Project Category,Project Name,State,Sub District,Village,MoEFCC File,Plot Nos,Shape of Project,Existing Non-Forest Land,Existing Forest Land,Existing Total Land,Additional Non-Forest Land,Additional Forest Land,Additional Total Land,Existing Cost,Expansion Cost,Villages Affected,Project Displaced Families,Project Affected Families,Alternative Site Examined,Alternative Site Description,Government Restriction,Litigation Pending,Violation Involved,Last Submission Date,District,Plot Number,KML URLs,Village Code,proposal_url,Employment (Construction),Employment (Operational)
6863439,Proj desc,New,WL/LD/BHP/437014/2023,2023-07-17T10:11:26.177+00:00,,,0.0001,1.0,Department of Land Resources,,Wildlife clearance form,,,,WLC - 17072023 WF-1,LAKSHADWEEP,Ladpura,KOTA MUNICIPAL AREA,,,Non - Linear,0.0,0.0001,0.0001,0.0,0.0,0.0,0.0,0.0,0,0,0,NO,n,NO,NO,NO,2023-07-17T10:24:01.240+00:00,Kota,,https://parivesh.nic.in/dms/okm/downloadDocument?docTypemappingId=40829&refId=6862952&refType=caf&uuid=1b98c209-4e59-4656-b576-1fcae4037fc5&version=1.0,800609,https://parivesh.nic.in/newupgrade/#/report/ec?proposalId=6863439,10.0,37.0
6962467,proj desc,New,WL/LD/Others/437477/2023,2023-07-20T08:51:41.167+00:00,,,0.001,1.0,Department of Land Resources,,Wildlife clearance form,,,,WLC 20072023 - WF1,LAKSHADWEEP,Ladpura,KOTA MUNICIPAL AREA,,,Linear,0.001,0.0,0.001,0.0,0.0,0.0,0.0,0.0,0,0,0,NO,n,NO,NO,NO,2023-07-20T09:56:40.639+00:00,Kota,,https://parivesh.nic.in/dms/okm/downloadDocument?docTypemappingId=40829&refId=6962362&refType=caf&uuid=70820241-4427-47d3-9bb6-bb6db040d91e&version=1.0,800609,https://parivesh.nic.in/newupgrade/#/report/ec?proposalId=6962467,10.0,37.0
7084888,Proj desc,New,WL/LD/RainHarvest/438011/2023,2023-07-25T11:07:34.195+00:00,,,0.001,1.0,Department of Land Resources,,Wildlife clearance form,,,,WLC 25072023,LAKSHADWEEP,Ladpura,KOTA MUNICIPAL AREA,,,Linear,0.0,0.001,0.001,0.0,0.0,0.0,0.0,0.0,0,0,0,NO,n,NO,NO,NO,2023-07-25T11:09:26.765+00:00,Kota,,https://parivesh.nic.in/dms/okm/downloadDocument?docTypemappingId=40829&refId=7084770&refType=caf&uuid=a676a89c-09a8-400a-82ba-10580d645a3b&version=1.0,800609,https://parivesh.nic.in/newupgrade/#/report/ec?proposalId=7084888,10.0,37.0
7122143,proj desc,New,WL/LD/CommPost/438174/2023,2023-07-26T11:31:45.389+00:00,,,0.001,1.0,Department of Land Resources,,Wildlife clearance form,,,,WLC 26072023,LAKSHADWEEP,Ladpura,KOTA MUNICIPAL AREA,,,Linear,0.0,0.001,0.001,0.0,0.0,0.0,0.0,0.0,0,0,0,NO,n,NO,NO,NO,2023-07-26T11:32:57.634+00:00,Kota,,https://parivesh.nic.in/dms/okm/downloadDocument?docTypemappingId=40829&refId=7121147&refType=caf&uuid=ac86ee55-c441-4881-8aa5-edb9c43c95b0&version=1.0,800609,https://parivesh.nic.in/newupgrade/#/report/ec?proposalId=7122143,10.0,37.0
7122623,proj desc,New,WL/LD/CommPost/438177/2023,2023-07-26T11:39:27.502+00:00,,,0.001,1.0,Department of Land Resources,,Wildlife clearance form,,,,WLC 26072023 -3,LAKSHADWEEP,Ladpura,KOTA MUNICIPAL AREA,,,Linear,0.0,0.001,0.001,0.0,0.0,0.0,0.0,0.0,0,0,0,NO,nn,NO,NO,NO,2023-07-26T11:42:10.403+00:00,Kota,,https://parivesh.nic.in/dms/okm/downloadDocument?docTypemappingId=40829&refId=7122500&refType=caf&uuid=58eb0462-2f64-4502-8f28-e87a9b07bb4a&version=1.0,800609,https://parivesh.nic.in/newupgrade/#/report/ec?proposalId=7122623,10.0,37.0
7125166,Pending for Testing,New,WL/LD/CommPost/438185/2023,2023-07-26T12:18:52.032+00:00,,,0.001,213123.0,Department of Land Resources,,Wildlife clearance form,,,,Test26July,LAKSHADWEEP,Agra,BUDHANA,,ts/1212,Linear,0.0,0.001,0.001,0.0,0.0,0.0,0.0,0.0,0,0,0,NO,Pending for Testing,NO,NO,NO,2023-07-26T12:21:39.635+00:00,Agra,ts/1212,https://parivesh.nic.in/dms/okm/downloadDocument?docTypemappingId=40829&refId=7124933&refType=caf&uuid=09377f2a-45ed-4f94-a801-61a2fcf2084f&version=1.0,800805,https://parivesh.nic.in/newupgrade/#/report/ec?proposalId=7125166,153.0,12.0
7146785,Description,New,WL/LD/SRY/438284/2023,2023-07-27T09:14:48.262+00:00,,,2.0,1.0,Department of Land Resources,,Wildlife clearance form,,,,WL_27072023,LAKSHADWEEP,Ladpura,KOTA MUNICIPAL AREA,,1,Linear,1.0,1.0,2.0,0.0,0.0,0.0,0.0,0.0,0,0,0,NO,jdfsldj,NO,NO,NO,2023-07-27T09:15:07.306+00:00,Kota,1,https://parivesh.nic.in/dms/okm/downloadDocument?docTypemappingId=40829&refId=7146712&refType=caf&uuid=8fdcaa6b-5a81-4002-bc30-508cc55a38db&version=1.0,800609,https://parivesh.nic.in/newupgrade/#/report/ec?proposalId=7146785,2.0,2.0
7207852,Test39July,New,WL/LD/IRRIG/438571/2023,2023-07-29T12:06:58.510+00:00,,,1.333,342.0,Department of Land Resources,,Wildlife clearance form,,,,Test30July,LAKSHADWEEP,Ramachandrapuram,CHITTATURU,,sdfdsf/23,Hybrid,0.123,1.21,1.333,0.0,0.0,0.0,0.0,0.0,0,0,0,NO,Test39July,NO,NO,NO,2023-07-29T12:11:04.648+00:00,Tirupati,sdfdsf/23,https://parivesh.nic.in/dms/okm/downloadDocument?docTypemappingId=40829&refId=7207803&refType=caf&uuid=d3e1bae4-7531-49e8-b57b-9027b619d3fd&version=1.0,596249,https://parivesh.nic.in/newupgrade/#/report/ec?proposalId=7207852,288.0,133.0
7280903,Test1Aug2023,New,WL/LD/INFRA/438865/2023,2023-08-01T17:12:53.906+00:00,,,3.3,131.0,Department of Land Resources,,Wildlife clearance form,,,,Test1Aug2023,LAKSHADWEEP,Ramachandrapuram,CHITTATURU,,sadas/1313,Hybrid,1.2,2.1,3.3,0.0,0.0,0.0,0.0,0.0,0,0,0,NO,Test1Aug2023,NO,NO,NO,2023-08-02T05:35:49.512+00:00,Tirupati,sadas/1313,https://parivesh.nic.in/dms/okm/downloadDocument?docTypemappingId=40829&refId=7280881&refType=caf&uuid=5b0ba62a-b67a-4536-b236-79c7ab81f15b&version=1.2,596249,https://parivesh.nic.in/newupgrade/#/report/ec?proposalId=7280903,36.0,23.0
1221491432,"Development of Water Aerodrome at  Minicoy Island, Lakshadweep with landside facilities include Terminal Building and walkway from the building towards the water side facilities which include floating concrete pantoon and floating docking pad. Also, there will be floating buoys for demarcation of the runway.",New,IA/LD/INFRA2/572037/2026,2023-12-13T15:48:27.981+00:00,2026-06-08T07:52:50.016+00:00,ToR Granted,0.149,2000.0,DEPARTMENT OF PORT SHIPPING AND AVIATION UT OF LAKSHADWEEP,Enviro Resources,Application for amendment in ToR (for categories A & B1)/Amendment in EC (for category B2)- Form-3,OTHER,A,Airports,"Development of Water Aerodrome at Minicoy Island, Lakshadweep",LAKSHADWEEP,Minicoy,MINICOY ISLAND,21-231/2024-IA.III,329/1A pt,Hybrid,0.149,0.0,0.149,0.0,0.0,0.0,0.0,0.0,0,0,0,NO,Site Selected based on feasibility of the water level depth for the proposed water aerodrome,NO,NO,NO,2026-05-12T13:33:23.271+00:00,Lakshadweep,329/1A pt,https://parivesh.nic.in/dms/okm/downloadDocument?docTypemappingId=40829&refId=31514078&refType=caf&uuid=457b6011-ece9-4f58-9789-6d7a8cba9343&version=1.0;https://parivesh.nic.in/dms/okm/downloadDocument?docTypemappingId=40829&refId=1221491110&refType=caf&uuid=48e249f7-37c4-403a-8dc7-1438378a7288&version=1.0,627056,https://parivesh.nic.in/newupgrade/#/report/ec?proposalId=1221491432,9000.0,13500.0
31515046,"Development of Water Aerodrome at  Minicoy Island, Lakshadweep with landside facilities include Terminal Building and walkway from the building towards the water side facilities which include floating concrete pantoon and floating docking pad. Also, there will be floating buoys for demarcation of the runway.",New,IA/LD/INFRA2/455461/2024,2023-12-13T15:48:27.981+00:00,2024-09-02T05:17:21.074+00:00,ToR Granted,0.149,2000.0,DEPARTMENT OF PORT SHIPPING AND AVIATION UT OF LAKSHADWEEP,Enviro Resources,Environment clearance form,TOR,A,Airports,"Development of Water Aerodrome at Minicoy Island, Lakshadweep",LAKSHADWEEP,Minicoy,MINICOY ISLAND,21-231/2024-IA.III,329/1A pt,Hybrid,0.149,0.0,0.149,0.0,0.0,0.0,0.0,0.0,0,0,0,NO,Site Selected based on feasibility of the water level depth for the proposed water aerodrome,NO,NO,NO,2024-03-20T08:06:27.913+00:00,Lakshadweep,329/1A pt,https://parivesh.nic.in/dms/okm/downloadDocument?docTypemappingId=40829&refId=31514078&refType=caf&uuid=457b6011-ece9-4f58-9789-6d7a8cba9343&version=1.0;https://parivesh.nic.in/dms/okm/downloadDocument?docTypemappingId=40829&refId=1221491110&refType=caf&uuid=48e249f7-37c4-403a-8dc7-1438378a7288&version=1.0,627056,https://parivesh.nic.in/newupgrade/#/report/ec?proposalId=31515046,9000.0,13500.0
129568653,"Development of Water Aerodrome at Kavaratti Island, Lakshadweep with land side facilities include Terminal Building and walkway from the building towards the water side facilities which include floating concrete pantoon, floating docking pad and runway. Also, there will be floating buoys for demarcation of the runway.",New,IA/LD/INFRA2/540783/2026,2023-12-26T10:33:52.112+00:00,2026-06-08T08:05:44.137+00:00,ToR Granted,0.2,2000.0,DEPARTMENT OF PORT SHIPPING AND AVIATION UT OF LAKSHADWEEP,Enviro Resources,Application for amendment in ToR (for categories A & B1)/Amendment in EC (for category B2)- Form-3,OTHER,A,Airports,"Development of Water Aerodrome at Kavaratti Island, Lakshadweep",LAKSHADWEEP,Kavaratti,KAVARATTI  ISLAND,21-246/2024-IA.III,,Hybrid,0.2,0.0,0.2,0.0,0.0,0.0,0.0,0.0,0,0,0,NO,Site Selected based on feasibility of the water level depth for the proposed water aerodrome,NO,NO,NO,2026-05-05T12:38:53.600+00:00,Lakshadweep,,https://parivesh.nic.in/dms/okm/downloadDocument?docTypemappingId=40829&refId=34128866&refType=caf&uuid=5de645fe-2270-468c-9167-66e8e3dbc44d&version=1.0;https://parivesh.nic.in/dms/okm/downloadDocument?docTypemappingId=40829&refId=129568697&refType=caf&uuid=2254764d-838f-496b-b55b-3fb431b7c35f&version=1.0,627038,https://parivesh.nic.in/newupgrade/#/report/ec?proposalId=129568653,7800.0,13500.0
34131205,"Development of Water Aerodrome at Kavaratti Island, Lakshadweep with land side facilities include Terminal Building and walkway from the building towards the water side facilities which include floating concrete pantoon, floating docking pad and runway. Also, there will be floating buoys for demarcation of the runway.",New,IA/LD/INFRA2/456736/2024,2023-12-26T10:33:52.112+00:00,2024-09-02T05:10:35.752+00:00,ToR Granted,0.2,2000.0,DEPARTMENT OF PORT SHIPPING AND AVIATION UT OF LAKSHADWEEP,Enviro Resources,Environment clearance form,TOR,A,Airports,"Development of Water Aerodrome at Kavaratti Island, Lakshadweep",LAKSHADWEEP,Kavaratti,KAVARATTI  ISLAND,21-246/2024-IA.III,,Hybrid,0.2,0.0,0.2,0.0,0.0,0.0,0.0,0.0,0,0,0,NO,Site Selected based on feasibility of the water level depth for the proposed water aerodrome,NO,NO,NO,2024-03-21T04:20:09.255+00:00,Lakshadweep,,https://parivesh.nic.in/dms/okm/downloadDocument?docTypemappingId=40829&refId=34128866&refType=caf&uuid=5de645fe-2270-468c-9167-66e8e3dbc44d&version=1.0;https://parivesh.nic.in/dms/okm/downloadDocument?docTypemappingId=40829&refId=129568697&refType=caf&uuid=2254764d-838f-496b-b55b-3fb431b7c35f&version=1.0,627038,https://parivesh.nic.in/newupgrade/#/report/ec?proposalId=34131205,7800.0,13500.0
91873839,"Lakshadweep Administration has engaged Cochin Port Authority as Project Management Consultants for providing technical support / consultancy services to UTLA in development of Port and Shipping infrastructures and operation in Lakshadweep Islands. The proposed development consists of: 

•	Refurbishment of the existing 530 m long breakwater
•	Extension of breakwater to an additional length of 490 m to ensure safe entry into harbour
•	Construction of 150 m multipurpose jetty to meet  requirements of Navy
•	Construction of 250 m multipurpose jetty to meet  requirements of UTLA
•	Dredging the basin to (-) 8.1 m CD
•	Berth corner lights and other Navigational aids required for night berthing
•	Development of slipway and ancillary facilities to facilitate fishermen and Navy
•	Development of storage facilities on reclaimed land
•	Redevelop passenger facilitation centre with modern amenities
•	Development of road connectivity
•	Providing utilities services including CCTV with night vision",New,IA/LD/INFRA1/491993/2024,2024-08-09T06:11:59.393+00:00,2025-05-04T10:26:54.272+00:00,ToR Granted,0.51,76571.0,DEPARTMENT OF PORT SHIPPING AND AVIATION UT OF LAKSHADWEEP,,Environment clearance form,TOR,A,"Ports, harbors, breakwaters, dredging",Development of Marine and Land facilities at Androth Island in Lakshadweep,LAKSHADWEEP,Andrott,NA,10/21/2024-IA.III,,Linear,0.51,0.0,0.51,0.0,0.0,0.0,0.0,0.0,0,0,0,Not applicable as the project or activity is site specific,,NO,NO,NO,2024-08-12T05:08:43.475+00:00,Lakshadweep,,https://parivesh.nic.in/dms/okm/downloadDocument?docTypemappingId=40829&refId=91869173&refType=caf&uuid=d8f07edc-8a90-46a5-8e79-d79abb0dd72f&version=1.0,"",https://parivesh.nic.in/newupgrade/#/report/ec?proposalId=91873839,27000.0,0.0
1220815854,"Development of Water Aerodrome at Kalpeni Island, UT of Lakshadweep with land side facilities include Terminal Building and walkway from the building towards the water side facilities which include floating jetty, walkway & docking pad.",New,IA/LD/INFRA2/571264/2026,2026-03-05T05:15:20.565+00:00,2026-06-08T07:47:28.393+00:00,ToR Granted,0.0333,2000.0,DEPARTMENT OF PORT SHIPPING AND AVIATION UT OF LAKSHADWEEP,Enviro Resources,Environment clearance form,TOR,A,Airports,"Development of Water Aerodrome at Kalpeni Island, UT of Lakshadweep",LAKSHADWEEP,Kalpeni,KALPENI ISLAND,21/07/2026-IA.III,,Hybrid,0.0333,0.0,0.0333,0.0,0.0,0.0,0.0,0.0,0,0,0,YES,,NO,NO,NO,2026-05-04T13:44:43.452+00:00,Lakshadweep,,https://parivesh.nic.in/dms/okm/downloadDocument?docTypemappingId=40829&refId=1220814926&refType=caf&uuid=98c384e5-fa4a-4b5a-845a-cef329f18288&version=1.0;https://parivesh.nic.in/dms/okm/downloadDocument?docTypemappingId=40828&refId=1220814926&refType=caf&uuid=e11111a9-fe27-430a-966c-6e0c79dcb091&version=1.0;https://parivesh.nic.in/dms/okm/downloadDocument?docTypemappingId=40828&refId=1220814926&refType=caf&uuid=4d668add-f0bd-41f2-841a-0ffa4ef04ca8&version=1.0;https://parivesh.nic.in/dms/okm/downloadDocument?docTypemappingId=40828&refId=1220814926&refType=caf&uuid=82e86657-3c03-4192-90df-eb36addcc378&version=1.0,627054,https://parivesh.nic.in/newupgrade/#/report/ec?proposalId=1220815854,7800.0,13500.0
1220922215,"Development of Water Aerodrome at Kiltan Island, UT of Lakshadweep with land side facilities include Terminal
Building and vehicle/bus from the building towards the water side facilities which include existing jetty, docking pad and runway.",New,IA/LD/INFRA2/571313/2026,2026-03-05T09:16:59.131+00:00,2026-06-08T07:40:09.916+00:00,ToR Granted,0.0587,2000.0,DEPARTMENT OF PORT SHIPPING AND AVIATION UT OF LAKSHADWEEP,Enviro Resources,Environment clearance form,TOR,A,Airports,"Development of Water Aerodrome at Kiltan Island, UT of Lakshadweep",LAKSHADWEEP,Kiltan,KILT>N  ISLAND,21/08/2026-IA.III,,Hybrid,0.0587,0.0,0.0587,0.0,0.0,0.0,0.0,0.0,0,0,0,YES,,NO,NO,NO,2026-05-04T13:27:45.149+00:00,Lakshadweep,,https://parivesh.nic.in/dms/okm/downloadDocument?docTypemappingId=40828&refId=1220920896&refType=caf&uuid=3c653231-95b2-4167-860f-216ab4fa02ae&version=1.0;https://parivesh.nic.in/dms/okm/downloadDocument?docTypemappingId=40829&refId=1220920896&refType=caf&uuid=5e77b8fe-186f-42d5-b956-3ebe8b411d72&version=1.0;https://parivesh.nic.in/dms/okm/downloadDocument?docTypemappingId=40828&refId=1220920896&refType=caf&uuid=99263557-abb4-4c23-ba2c-4bfdb54cc856&version=1.0;https://parivesh.nic.in/dms/okm/downloadDocument?docTypemappingId=40828&refId=1220920896&refType=caf&uuid=bdc3b660-971e-4243-9502-5b20bfd1dbde&version=1.0,,https://parivesh.nic.in/newupgrade/#/report/ec?proposalId=1220922215,7800.0,13500.0
1220937060,"Kadmath island is one among the Lakshadweep group of Islands. The affordable mode of connectivity between the islands & the mainland is HSV and barges  owned by UTLA.   But during the monsoon period, HSVs and barges cannot be operated due to sedimentation and shallow depths (~ (-) 1.5 m CD). The connectivity between the islands gets adversely affected.  The existing northern jetty is in dilapidated condition and doesn’t have sufficient length to accommodate the barges. Hence, a new passenger jetty, south of the existing northern jetty is being constructed, for which the IPZ clearance from LCZMA has been obtained in August 2025. It is proposed to utilize the existing Navigational channel and Turning circle by realigning, widening and deepening it. Dredging of Navigational channel of length 1820 m & width  40 m with depth (-) 3.1 m CD. Dredging of Turning Circle: 100 m dia. to (-) 3.1 m CD depth. The dredge spoil material will be used for beach nourishment in the island.",New,IA/LD/INFRA1/571339/2026,2026-03-05T11:01:25.129+00:00,2026-06-12T07:17:12.105+00:00,ToR Granted,9.6,5253.0,DEPARTMENT OF PORT SHIPPING AND AVIATION UT OF LAKSHADWEEP,,Environment clearance form,TOR,A,"Ports, harbors, breakwaters, dredging","Dredging of the Existing Navigational Channel and Turning Circle on the Western Side of Kadmath Island, Lakshadweep.",LAKSHADWEEP,Kadmat,KADMAT ISLAND,10/23/2026-IA.III,,Linear,9.6,0.0,9.6,0.0,0.0,0.0,0.0,0.0,0,0,0,Not applicable as the project or activity is site specific,,NO,NO,NO,2026-04-07T09:14:14.126+00:00,Lakshadweep,,https://parivesh.nic.in/dms/okm/downloadDocument?docTypemappingId=40829&refId=1220925860&refType=caf&uuid=67c6497e-10b1-426c-a686-dccec5c69f29&version=1.0,627034,https://parivesh.nic.in/newupgrade/#/report/ec?proposalId=1220937060,6300.0,100.0
1221018038,"Kalpeni Island is one among the Lakshadweep group of islands. The affordable mode of connectivity between the islands and the mainland is HSVs & barges owned by UTLA. But during the monsoon period, HSVs and barges cannot be operated due to sedimentation and shallow depths (~(–) 1.8 m CD). The connectivity between the islands gets adversely affected. The existing northern jetty is in dilapidated condition and does not have sufficient length to accommodate the barges. Hence, a new passenger jetty, south of the existing northern jetty, is being constructed, for which the IPZ clearance from LCZMA has been obtained in August 2025.It is proposed to utilize the existing navigational channel and turning circle by realigning, widening, and deepening it. Dredging of existing navigational channel for length 4980 m and width 40 m with depth (-) 3.1 m CD. Dredging of turning circle: 100 m dia. to (-) 3.1 m CD depth. depth. The dredge spoil material will be used for beach nourishment in the island.",New,IA/LD/INFRA1/571442/2026,2026-03-06T08:51:13.203+00:00,2026-06-12T07:12:47.052+00:00,ToR Granted,20.705,5253.0,DEPARTMENT OF PORT SHIPPING AND AVIATION UT OF LAKSHADWEEP,,Environment clearance form,TOR,A,"Ports, harbors, breakwaters, dredging","Dredging of the existing navigational channel and turning circle on the western side of  Kalpeni Island, Lakshadweep.",LAKSHADWEEP,Kalpeni,KALPENI ISLAND,10/24/2026-IA.III,,Linear,20.705,0.0,20.705,0.0,0.0,0.0,0.0,0.0,0,0,0,Not applicable as the project or activity is site specific,,NO,NO,NO,2026-04-07T09:11:35.539+00:00,Lakshadweep,,https://parivesh.nic.in/dms/okm/downloadDocument?docTypemappingId=40829&refId=1221008670&refType=caf&uuid=b53c8184-27f2-42ba-80b2-405a9d46bb18&version=1.0,627053,https://parivesh.nic.in/newupgrade/#/report/ec?proposalId=1221018038,1425.0,100.0
1221191183,"Development of Water Aerodrome at Kadmat Island, UT of Lakshadweep with land side facilities include Terminal Building towards the water side facilities which include floating jetty, docking pad and runway.",New,IA/LD/INFRA2/571709/2026,2026-03-09T07:16:40.219+00:00,2026-06-08T06:34:10.344+00:00,ToR Granted,0.024,2000.0,DEPARTMENT OF PORT SHIPPING AND AVIATION UT OF LAKSHADWEEP,Enviro Resources,Environment clearance form,TOR,A,Airports,"Development of Water Aerodrome at Kadmat Island, UT of Lakshadweep",LAKSHADWEEP,Amini,AMINI  ISLAND,21/09/2026-IA.III,,Hybrid,0.024,0.0,0.024,0.0,0.0,0.0,0.0,0.0,0,0,0,YES,,NO,NO,NO,2026-05-04T13:13:52.640+00:00,Lakshadweep,,https://parivesh.nic.in/dms/okm/downloadDocument?docTypemappingId=40828&refId=1221187459&refType=caf&uuid=f2569984-0959-4fa8-abb2-1e94424cf775&version=1.0;https://parivesh.nic.in/dms/okm/downloadDocument?docTypemappingId=40829&refId=1221187459&refType=caf&uuid=cb47b24c-88f2-41b9-baf6-9acfd89036c7&version=1.0;https://parivesh.nic.in/dms/okm/downloadDocument?docTypemappingId=40828&refId=1221187459&refType=caf&uuid=026ed3f4-65c6-4202-8f1c-3e9ef653aa82&version=1.0;https://parivesh.nic.in/dms/okm/downloadDocument?docTypemappingId=40828&refId=1221187459&refType=caf&uuid=6e282aff-ef5b-4efc-89c9-d4c3c35fc26c&version=1.0,,https://parivesh.nic.in/newupgrade/#/report/ec?proposalId=1221191183,7800.0,13500.0
